Level Reached,Champion,Map,Kills,Deaths,Assists,Minions,Money Earned,Date Played
16,Ornn,Howling Abyss,4,9,27,38,9.9k,10/24/2020
15,Ezreal,Howling Abyss,8,11,10,38,10.7k,10/24/2020
14,Karma,Howling Abyss,8,9,10,26,10.1k,10/24/2020
17,Sett,Howling Abyss,5,7,25,34,10.8k,10/24/2020
18,Veigar,Howling Abyss,11,10,17,79,12.8k,10/23/2020
18,Ekko,Howling Abyss,5,15,26,77,14.5k,10/23/2020
16,Aurelion Sol,Howling Abyss,7,14,18,58,11.0k,10/23/2020
18,Vel'Koz,Howling Abyss,12,11,30,65,14.8k,10/22/2020
17,Kog'Maw,Howling Abyss,9,8,17,55,11.9k,10/22/2020
18,Morgana,Howling Abyss,8,10,22,77,14.7k,10/21/2020
18,Sett,Howling Abyss,8,16,19,37,14.0k,10/21/2020
16,Aphelios,Howling Abyss,12,9,18,54,12.8k,10/11/2020
16,Nidalee,Howling Abyss,8,9,10,23,10.9k,10/11/2020
17,Ziggs,Howling Abyss,8,3,25,36,11.4k,10/11/2020
8,Kayn,Howling Abyss,1,5,4,9,5.0k,10/11/2020
16,Veigar,Howling Abyss,5,13,18,58,11.1k,10/11/2020
18,Kalista,Howling Abyss,17,15,26,129,18.9k,10/11/2020
15,Pyke,Howling Abyss,4,12,11,13,11.1k,10/11/2020
18,Vel'Koz,Howling Abyss,13,9,25,52,14.3k,10/9/2020
18,Samira,Howling Abyss,18,13,23,48,15.9k,10/2/2020
15,Miss Fortune,Howling Abyss,7,12,13,55,10.7k,10/1/2020
18,Jarvan IV,Howling Abyss,5,15,33,43,13.4k,9/27/2020
10,Sylas,Howling Abyss,2,8,6,13,5.5k,9/20/2020
18,Jinx,Howling Abyss,15,18,31,101,21.0k,9/20/2020
16,Sett,Howling Abyss,8,8,19,32,12.1k,9/20/2020
15,Tristana,Howling Abyss,6,10,21,40,10.4k,9/20/2020
18,Yone,Howling Abyss,12,18,23,51,17.4k,9/20/2020
16,Kog'Maw,Howling Abyss,10,13,18,74,12.2k,9/19/2020
13,Kalista,Howling Abyss,4,9,5,58,8.9k,9/19/2020
16,Heimerdinger,Howling Abyss,7,13,15,59,11.5k,9/19/2020
12,Sona,Howling Abyss,2,10,9,17,7.1k,9/19/2020
18,Ezreal,Howling Abyss,12,6,22,87,14.4k,9/18/2020
18,Miss Fortune,Howling Abyss,15,13,12,71,15.5k,9/18/2020
17,Bard,Howling Abyss,7,13,20,37,10.6k,9/18/2020
12,Aurelion Sol,Howling Abyss,6,11,11,45,7.9k,9/18/2020
12,Sylas,Howling Abyss,4,7,6,17,8.0k,9/12/2020
18,Xayah,Howling Abyss,9,17,26,80,16.3k,9/12/2020
15,Teemo,Howling Abyss,7,10,17,26,9.7k,9/8/2020
18,Aphelios,Howling Abyss,9,15,19,47,12.7k,9/8/2020
15,Master Yi,Howling Abyss,7,14,9,32,9.6k,9/8/2020
13,Zyra,Howling Abyss,3,11,18,38,8.5k,9/8/2020
18,Sett,Howling Abyss,7,15,27,25,12.2k,9/5/2020
15,Pyke,Howling Abyss,7,15,9,12,10.7k,9/5/2020
18,Jhin,Howling Abyss,5,9,39,67,13.4k,9/5/2020
18,Lillia,Howling Abyss,10,14,22,41,14.3k,9/5/2020
10,Gnar,Howling Abyss,4,3,11,11,5.8k,9/5/2020
18,Xayah,Howling Abyss,8,14,22,74,14.6k,9/5/2020
16,Ezreal,Howling Abyss,10,9,15,55,11.3k,9/5/2020
14,Ezreal,Howling Abyss,10,2,14,33,10.0k,9/5/2020
12,Ahri,Howling Abyss,5,7,6,31,7.6k,9/3/2020
17,Zilean,Howling Abyss,8,5,14,36,11.5k,9/3/2020
18,Annie,Howling Abyss,10,17,28,56,17.5k,9/3/2020
16,Kalista,Howling Abyss,13,12,17,45,12.9k,9/3/2020
17,Sett,Howling Abyss,4,14,15,25,11.1k,9/1/2020
18,Brand,Howling Abyss,19,12,21,23,14.1k,9/1/2020
18,Lux,Howling Abyss,5,8,38,35,11.9k,9/1/2020
18,Pyke,Howling Abyss,18,16,18,15,16.4k,9/1/2020
16,Lux,Howling Abyss,5,10,22,41,11.1k,9/1/2020
18,Ahri,Howling Abyss,10,13,47,46,14.6k,8/30/2020
17,Sett,Howling Abyss,7,16,18,31,11.6k,8/29/2020
18,Quinn,Howling Abyss,11,22,29,81,17.4k,8/29/2020
14,Miss Fortune,Howling Abyss,9,5,21,38,10.4k,8/29/2020
15,Karma,Howling Abyss,2,10,16,22,8.8k,8/29/2020
18,Miss Fortune,Howling Abyss,12,14,16,131,17.5k,8/29/2020
17,Vel'Koz,Howling Abyss,10,9,27,47,12.7k,8/29/2020
16,Gnar,Howling Abyss,4,9,17,55,11.3k,8/29/2020
14,Tahm Kench,Howling Abyss,8,8,5,21,9.9k,8/28/2020
18,Veigar,Howling Abyss,11,13,18,67,13.1k,8/28/2020
18,Vel'Koz,Howling Abyss,11,11,33,54,14.8k,8/24/2020
17,Miss Fortune,Howling Abyss,6,11,20,68,11.9k,8/20/2020
12,Kalista,Howling Abyss,5,11,5,29,7.0k,8/20/2020
16,Miss Fortune,Howling Abyss,12,13,11,47,12.3k,8/20/2020
18,Garen,Howling Abyss,9,17,15,49,13.1k,8/20/2020
11,Neeko,Summoner's Rift,7,2,26,50,9.0k,8/19/2020
13,Neeko,Summoner's Rift,22,1,8,61,11.9k,8/19/2020
8,Lux,Summoner's Rift,1,6,4,49,5.2k,8/19/2020
12,Kalista,Howling Abyss,2,9,8,41,8.2k,8/19/2020
17,Jayce,Howling Abyss,6,11,17,30,10.6k,8/18/2020
16,Darius,Howling Abyss,6,13,16,23,10.4k,8/18/2020
18,Veigar,Howling Abyss,6,13,0,138,14.5k,8/18/2020
11,Morgana,Summoner's Rift,6,3,11,41,7.6k,8/18/2020
18,Kindred,Howling Abyss,17,18,18,115,18.6k,8/17/2020
16,Kalista,Howling Abyss,20,7,14,39,12.1k,8/17/2020
18,Vayne,Howling Abyss,8,16,17,39,13.3k,8/17/2020
11,Sett,Howling Abyss,7,11,7,17,7.8k,8/17/2020
12,Jhin,Howling Abyss,3,6,11,17,6.8k,8/17/2020
18,Sett,Howling Abyss,17,12,18,39,16.0k,8/16/2020
18,Neeko,Howling Abyss,11,11,32,66,14.6k,8/16/2020
16,Gnar,Howling Abyss,3,8,29,27,9.7k,8/16/2020
18,Blitzcrank,Howling Abyss,7,10,40,32,14.2k,8/16/2020
18,Pyke,Howling Abyss,22,17,16,35,19.9k,8/15/2020
17,Illaoi,Howling Abyss,8,14,21,27,11.5k,8/15/2020
17,Blitzcrank,Howling Abyss,10,8,15,21,12.1k,8/15/2020
12,Morgana,Summoner's Rift Ranked (Draft Mode),1,13,9,47,6.6k,8/15/2020
16,Sett,Howling Abyss,5,11,21,35,9.7k,8/15/2020
14,Ezreal,Howling Abyss,7,9,7,33,9.8k,8/15/2020
14,Brand,Howling Abyss,5,8,8,21,9.0k,8/15/2020
16,Zilean,Howling Abyss,11,6,24,38,11.0k,8/15/2020
18,Nidalee,Howling Abyss,19,8,18,38,15.1k,8/15/2020
18,LeBlanc,Howling Abyss,12,19,19,33,14.7k,8/15/2020
13,Karma,Howling Abyss,7,9,20,14,7.9k,8/14/2020
11,Pyke,Howling Abyss,3,11,8,9,7.4k,8/14/2020
11,Miss Fortune,Howling Abyss,2,10,9,22,6.1k,8/14/2020
18,Jhin,Howling Abyss,15,21,30,116,21.9k,8/14/2020
14,Ashe,Howling Abyss,17,8,22,42,11.4k,8/14/2020
18,Ezreal,Howling Abyss,9,9,21,49,13.0k,8/13/2020
14,Pantheon,Howling Abyss,6,8,13,21,8.5k,8/13/2020
15,Veigar,Howling Abyss,4,8,25,48,10.1k,8/13/2020
10,Soraka,Howling Abyss,1,3,8,12,5.4k,8/13/2020
17,Anivia,Howling Abyss,6,13,20,25,11.4k,8/13/2020
10,Morgana,Howling Abyss,1,7,9,22,5.3k,8/13/2020
18,Miss Fortune,Howling Abyss,6,16,16,58,13.0k,8/13/2020
18,Cho'Gath,Howling Abyss,15,16,22,113,20.4k,8/12/2020
16,Sylas,Howling Abyss,9,17,10,32,11.0k,8/12/2020
15,Gnar,Howling Abyss,3,8,20,23,9.3k,8/12/2020
18,Nidalee,Howling Abyss,25,14,38,53,20.1k,8/6/2020
18,Yasuo,Howling Abyss,7,19,29,44,13.5k,8/6/2020
18,Tristana,Howling Abyss,11,18,31,72,16.7k,8/5/2020
16,Sett,Howling Abyss,2,14,17,17,10.8k,8/5/2020
14,Kindred,Howling Abyss,11,8,15,46,10.1k,8/5/2020
13,Vel'Koz,Howling Abyss,5,12,9,35,9.2k,8/5/2020
18,Lillia,Howling Abyss,7,15,31,61,16.6k,8/5/2020
18,Zilean,Howling Abyss,1,12,34,64,14.2k,8/3/2020
14,Yasuo,Howling Abyss,2,15,7,17,8.3k,8/2/2020
14,Ahri,Howling Abyss,8,9,15,33,9.1k,8/2/2020
18,Lux,Howling Abyss,5,7,30,48,11.8k,8/2/2020
12,Ezreal,Howling Abyss,6,8,6,36,8.1k,8/2/2020
15,Vel'Koz,Howling Abyss,6,8,13,30,9.9k,8/2/2020
14,Vel'Koz,Howling Abyss,4,8,12,34,8.4k,8/2/2020
14,Veigar,Howling Abyss,6,7,17,45,9.0k,8/2/2020
16,Miss Fortune,Howling Abyss,7,10,18,64,11.7k,8/2/2020
18,Sett,Howling Abyss,11,14,23,29,14.5k,8/2/2020
18,Veigar,Howling Abyss,11,17,24,111,18.4k,8/2/2020
16,Vel'Koz,Howling Abyss,13,8,7,48,12.9k,8/2/2020
13,Malzahar,Howling Abyss,2,10,9,22,7.3k,8/2/2020
18,Miss Fortune,Howling Abyss,15,11,20,66,16.0k,8/2/2020
12,Zilean,Howling Abyss,2,2,19,9,6.4k,8/1/2020
16,Zyra,Howling Abyss,6,10,19,71,11.2k,8/1/2020
18,Heimerdinger,Howling Abyss,18,14,22,84,18.7k,8/1/2020
18,Neeko,Howling Abyss,24,22,29,121,25.5k,8/1/2020
17,Master Yi,Howling Abyss,16,16,13,24,12.7k,8/1/2020
18,Nidalee,Howling Abyss,12,7,32,12,12.5k,8/1/2020
13,Teemo,Howling Abyss,2,8,6,15,8.7k,8/1/2020
13,Miss Fortune,Howling Abyss,7,5,16,48,9.2k,7/31/2020
18,Qiyana,Howling Abyss,8,16,12,30,13.4k,7/31/2020
16,Veigar,Howling Abyss,9,10,13,52,10.5k,7/31/2020
14,Elise,Howling Abyss,4,11,13,19,8.7k,7/31/2020
17,Ryze,Howling Abyss,11,12,13,14,12.0k,7/31/2020
17,Sett,Howling Abyss,8,14,22,27,11.2k,7/31/2020
13,Illaoi,Howling Abyss,2,7,17,48,8.7k,7/31/2020
16,Morgana,Howling Abyss,5,5,27,40,10.7k,7/31/2020
14,Lux,Howling Abyss,2,4,29,18,7.8k,7/30/2020
14,Yuumi,Howling Abyss,0,12,9,2,7.3k,7/30/2020
15,Ahri,Howling Abyss,5,14,11,30,9.1k,7/28/2020
18,Zyra,Howling Abyss,3,14,30,29,11.7k,7/28/2020
15,Gnar,Howling Abyss,7,12,16,36,10.1k,7/28/2020
17,Braum,Howling Abyss,10,9,21,37,11.5k,7/28/2020
18,Teemo,Howling Abyss,14,20,34,39,16.8k,7/28/2020
17,Veigar,Howling Abyss,14,5,22,66,13.3k,7/26/2020
16,Gnar,Nexus Blitz,9,10,9,47,13.7k,7/26/2020
16,Gnar,Nexus Blitz,6,9,17,33,11.8k,7/26/2020
18,Vel'Koz,Howling Abyss,14,13,32,59,15.6k,7/26/2020
11,Mordekaiser,Howling Abyss,7,7,7,13,7.8k,7/25/2020
14,Neeko,Howling Abyss,4,9,9,33,8.5k,7/25/2020
18,Twitch,Howling Abyss,7,13,25,24,12.2k,7/25/2020
18,Jhin,Howling Abyss,18,11,23,52,14.9k,7/24/2020
18,Ryze,Howling Abyss,9,17,27,21,14.2k,7/24/2020
18,Ezreal,Howling Abyss,26,12,22,116,20.6k,7/24/2020
18,Nidalee,Howling Abyss,12,8,16,42,13.0k,7/24/2020
14,Zyra,Howling Abyss,3,12,6,44,9.0k,7/23/2020
15,Jhin,Howling Abyss,11,6,9,54,11.9k,7/23/2020
12,Ahri,Nexus Blitz,7,3,17,16,8.7k,7/23/2020
10,Nidalee,Nexus Blitz,2,5,1,15,4.9k,7/23/2020
9,Morgana,Nexus Blitz,0,5,1,16,4.7k,7/23/2020
11,Morgana,Nexus Blitz,3,1,13,12,6.3k,7/23/2020
18,Nidalee,Nexus Blitz,8,11,19,31,13.4k,7/22/2020
14,Lillia,Nexus Blitz,3,11,5,39,9.3k,7/22/2020
18,Morgana,Howling Abyss,9,10,25,82,14.5k,7/22/2020
18,Ryze,Howling Abyss,7,11,25,19,12.5k,7/21/2020
17,Ezreal,Howling Abyss,7,11,9,29,10.8k,7/21/2020
18,Morgana,Summoner's Rift Normal (Draft Mode),6,15,14,180,8.2k,7/21/2020
15,Lux,Summoner's Rift Normal (Draft Mode),6,9,9,96,9.1k,7/20/2020
16,Thresh,Howling Abyss,2,13,31,14,9.8k,7/20/2020
13,Nunu & Willump,Howling Abyss,3,18,18,12,7.1k,7/20/2020
13,Kalista,Howling Abyss,4,4,12,48,9.3k,7/20/2020
18,Annie,Howling Abyss,13,12,20,50,13.3k,7/20/2020
16,Morgana,Howling Abyss,5,9,29,46,11.2k,7/20/2020
9,Neeko,Summoner's Rift Normal (Draft Mode),1,8,2,29,5.0k,7/19/2020
10,Morgana,Summoner's Rift Normal (Draft Mode),3,5,6,75,9.2k,7/19/2020
18,Lee Sin,Howling Abyss,7,16,29,36,5.9k,7/19/2020
18,Miss Fortune,Howling Abyss,16,11,34,18,12.0k,7/19/2020
16,Neeko,Howling Abyss,5,14,24,63,16.0k,7/19/2020
16,Karma,Howling Abyss,3,11,11,29,11.1k,7/19/2020
16,Braum,Howling Abyss,2,11,16,18,9.3k,7/17/2020
18,Zilean,Howling Abyss,6,13,37,17,9.8k,7/17/2020
18,Jayce,Howling Abyss,8,14,26,74,15.5k,7/17/2020
18,Zyra,Howling Abyss,8,11,28,65,14.4k,7/17/2020
18,Teemo,Howling Abyss,13,16,32,53,13.5k,7/12/2020
14,Xayah,Howling Abyss,6,7,9,93,17.1k,7/12/2020
15,Soraka,Howling Abyss,4,10,13,35,8.9k,7/12/2020
18,Vel'Koz,Howling Abyss,13,9,25,17,10.6k,7/12/2020
13,Tahm Kench,Howling Abyss,5,7,14,64,13.6k,7/12/2020
14,Ahri,Howling Abyss,2,11,21,21,8.0k,7/12/2020
14,Ahri,Howling Abyss,4,9,19,12,7.9k,7/11/2020
15,Sett,Howling Abyss,16,7,21,22,8.7k,7/11/2020
18,Lux,Howling Abyss,19,11,30,20,11.5k,7/11/2020
14,Kalista,Howling Abyss,9,10,12,124,22.6k,7/11/2020
15,Taliyah,Howling Abyss,6,13,21,50,10.2k,7/11/2020
14,Veigar,Howling Abyss,7,11,11,23,9.3k,7/11/2020
18,Nami,Howling Abyss,2,14,32,37,9.5k,7/11/2020
18,Ornn,Howling Abyss,5,12,20,35,11.6k,7/11/2020
18,Aatrox,Howling Abyss,8,17,20,15,12.6k,7/11/2020
14,Miss Fortune,Howling Abyss,13,9,14,30,12.8k,7/11/2020
17,Miss Fortune,Howling Abyss,16,9,18,66,12.3k,7/11/2020
18,Ezreal,Howling Abyss,20,12,19,58,13.0k,7/11/2020
18,Sylas,Howling Abyss,11,19,12,99,18.4k,7/11/2020
14,Aphelios,Howling Abyss,12,8,14,36,16.7k,7/10/2020
18,Veigar,Howling Abyss,7,11,23,27,10.0k,7/1/2020
17,Kog'Maw,Howling Abyss,11,13,30,86,12.6k,7/1/2020
17,Sona,Howling Abyss,3,13,21,53,13.0k,7/1/2020
18,Neeko,Howling Abyss,10,13,21,26,11.0k,7/1/2020
14,Zilean,Howling Abyss,4,9,14,52,13.5k,7/1/2020
8,Kayle,Howling Abyss,2,5,2,28,9.0k,7/1/2020
17,Caitlyn,Howling Abyss,3,10,18,7,4.7k,7/1/2020
18,Veigar,Howling Abyss,26,16,36,66,12.0k,6/28/2020
10,Lulu,Howling Abyss,3,7,13,244,28.5k,6/28/2020
18,Vel'Koz,Howling Abyss,13,17,33,14,5.8k,6/28/2020
14,Illaoi,Howling Abyss,6,11,10,85,17.3k,6/28/2020
15,Morgana,Howling Abyss,11,5,11,38,9.3k,6/28/2020
17,Gnar,Howling Abyss,11,11,22,38,10.1k,6/28/2020
18,Annie,Howling Abyss,14,22,46,47,13.6k,6/28/2020
18,Teemo,Howling Abyss,11,18,24,72,21.1k,6/27/2020
18,Nunu & Willump,Howling Abyss,9,15,27,96,18.0k,6/23/2020
17,Ornn,Howling Abyss,4,10,16,44,15.1k,6/22/2020
18,Zilean,Howling Abyss,8,8,24,27,11.6k,6/21/2020
17,Blitzcrank,Howling Abyss,3,10,21,54,12.1k,6/21/2020
16,Miss Fortune,Howling Abyss,5,8,20,30,10.3k,6/21/2020
18,Teemo,Howling Abyss,26,16,28,50,11.3k,6/21/2020
17,Veigar,Howling Abyss,14,3,26,39,18.2k,6/20/2020
18,Draven,Howling Abyss,15,17,10,52,12.4k,6/18/2020
18,Morgana,Howling Abyss,12,5,30,79,15.6k,6/18/2020
14,Veigar,Howling Abyss,9,7,17,39,13.0k,6/17/2020
17,Morgana,Howling Abyss,7,4,27,44,10.2k,6/17/2020
18,Lissandra,Howling Abyss,9,16,29,31,11.1k,6/17/2020
11,Sivir,Howling Abyss,6,7,5,37,13.6k,6/17/2020
13,Teemo,Howling Abyss,16,8,16,46,7.4k,6/14/2020
16,Vel'Koz,Howling Abyss,10,12,16,16,10.3k,6/14/2020
15,Warwick,Howling Abyss,5,12,8,46,11.1k,6/14/2020
10,Kayn,Howling Abyss,2,6,3,26,10.3k,6/14/2020
13,Tristana,Howling Abyss,5,12,9,14,6.1k,6/13/2020
17,Sett,Howling Abyss,16,9,14,40,8.2k,6/13/2020
12,Kled,Howling Abyss,5,6,9,28,12.6k,6/13/2020
18,Nidalee,Howling Abyss,8,9,12,17,7.8k,6/13/2020
18,Lux,Howling Abyss,4,9,25,39,12.6k,6/13/2020
17,Morgana,Howling Abyss,14,7,24,62,14.6k,6/13/2020
17,Ezreal,Howling Abyss,9,12,19,52,13.0k,6/12/2020
17,Ezreal,Howling Abyss,12,10,15,38,12.6k,6/12/2020
18,Quinn,Howling Abyss,18,12,16,42,12.9k,6/12/2020
13,Neeko,Howling Abyss,6,5,22,56,13.7k,6/12/2020
14,Ezreal,Howling Abyss,10,8,8,18,8.8k,6/12/2020
17,Irelia,Howling Abyss,4,13,14,59,10.7k,6/12/2020
18,Lulu,Howling Abyss,10,11,26,62,10.8k,6/12/2020
18,Zilean,Howling Abyss,9,12,28,52,12.8k,6/12/2020
16,Vel'Koz,Howling Abyss,8,9,13,94,15.8k,6/12/2020
18,Zilean,Howling Abyss,14,11,28,32,11.4k,6/12/2020
18,Ezreal,Howling Abyss,13,10,32,44,16.0k,6/11/2020
15,Senna,Howling Abyss,6,7,21,75,14.5k,6/11/2020
14,Veigar,Howling Abyss,11,3,25,29,10.1k,6/11/2020
16,Aphelios,Howling Abyss,20,8,13,36,9.4k,6/11/2020
13,Yuumi,Howling Abyss,5,6,11,67,13.9k,6/9/2020
18,Morgana,Howling Abyss,11,17,23,12,7.9k,6/9/2020
15,Sett,Howling Abyss,7,12,9,49,14.6k,6/8/2020
14,Aatrox,Howling Abyss,8,10,7,29,10.0k,6/8/2020
18,Karthus,Howling Abyss,15,18,19,28,9.6k,6/8/2020
15,Morgana,Howling Abyss,12,6,14,100,16.2k,6/8/2020
14,Vayne,Howling Abyss,7,12,9,32,10.1k,5/15/2020
11,Nidalee,Howling Abyss,3,6,7,30,9.0k,5/15/2020
18,Morgana,Howling Abyss,6,9,33,10,6.9k,4/18/2020
18,Miss Fortune,Howling Abyss,4,12,34,51,13.5k,4/18/2020
16,Ashe,Howling Abyss,5,10,17,82,14.2k,4/18/2020
18,Ezreal,Howling Abyss,28,9,12,59,10.8k,4/18/2020
16,Soraka,Howling Abyss,6,6,26,115,19.9k,4/18/2020
18,Veigar,Howling Abyss,22,4,18,11,9.6k,4/18/2020
16,Kog'Maw,Howling Abyss,11,12,19,74,15.1k,4/18/2020
16,Fizz,Howling Abyss,11,19,8,66,11.7k,4/18/2020
11,Qiyana,Howling Abyss,5,9,6,37,12.5k,4/18/2020
17,Tristana,Howling Abyss,12,14,12,27,7.2k,4/18/2020
17,Ziggs,Howling Abyss,5,9,18,46,12.4k,4/18/2020
18,Ezreal,Howling Abyss,7,11,32,72,11.2k,4/18/2020
18,Aurelion Sol,Howling Abyss,10,15,26,34,12.3k,4/17/2020
17,Kindred,Howling Abyss,17,12,14,62,14.3k,4/17/2020
18,Caitlyn,Howling Abyss,9,11,17,65,14.5k,4/17/2020
11,Kayle,Howling Abyss,4,3,9,70,14.0k,4/17/2020
18,Morgana,Howling Abyss,13,10,36,11,6.5k,4/17/2020
18,Jayce,Howling Abyss,7,17,26,69,15.1k,4/17/2020
12,Sona,Howling Abyss,5,7,12,100,17.4k,4/16/2020
15,Blitzcrank,Howling Abyss,0,5,15,13,7.4k,4/16/2020
18,Zilean,Howling Abyss,10,10,23,14,8.4k,4/16/2020
15,LeBlanc,Howling Abyss,2,9,15,43,12.4k,4/12/2020
14,Nidalee,Howling Abyss,6,6,25,28,9.5k,4/12/2020
18,Neeko,Howling Abyss,6,17,16,18,9.5k,4/12/2020
14,Nunu & Willump,Howling Abyss,1,13,18,51,16.8k,4/12/2020
15,Blitzcrank,Howling Abyss,4,5,23,24,8.3k,4/12/2020
17,Nidalee,Howling Abyss,12,9,19,13,8.7k,4/12/2020
13,Ashe,Howling Abyss,6,9,6,21,12.3k,4/12/2020
18,Teemo,Howling Abyss,13,16,29,30,9.4k,4/5/2020
18,Neeko,Howling Abyss,12,14,15,50,14.9k,4/5/2020
18,Kalista,Howling Abyss,5,15,34,49,13.0k,4/5/2020
18,Malphite,Howling Abyss,9,15,31,52,13.4k,4/5/2020
14,Kalista,Howling Abyss,3,24,3,29,13.2k,4/5/2020
18,Sona,Howling Abyss,5,15,27,3,9.2k,4/5/2020
16,Veigar,Howling Abyss,8,9,19,16,12.1k,4/4/2020
16,Neeko,Howling Abyss,13,7,15,40,9.8k,4/4/2020
18,Vel'Koz,Howling Abyss,19,17,20,45,11.0k,4/4/2020
11,Zilean,Howling Abyss,2,4,13,54,16.7k,4/4/2020
14,Nautilus,Howling Abyss,6,11,16,25,6.2k,4/4/2020
18,Twitch,Howling Abyss,8,16,23,17,8.7k,4/4/2020
18,Sivir,Howling Abyss,15,18,24,92,16.6k,4/3/2020
18,Morgana,Howling Abyss,6,13,45,130,18.2k,4/3/2020
18,Pyke,Howling Abyss,18,20,23,64,15.8k,4/3/2020
17,Brand,Howling Abyss,10,12,15,55,22.3k,4/3/2020
12,Ezreal,Howling Abyss,3,7,8,25,12.1k,4/2/2020
17,Nidalee,Howling Abyss,10,10,35,28,7.6k,4/2/2020
15,Miss Fortune,Howling Abyss,8,9,11,33,12.2k,4/1/2020
18,Garen,Howling Abyss,12,12,30,77,11.8k,4/1/2020
18,Neeko,Howling Abyss,13,16,26,19,12.2k,4/1/2020
17,Garen,Howling Abyss,16,7,16,74,15.6k,3/31/2020
16,Miss Fortune,Howling Abyss,22,7,18,48,12.8k,3/31/2020
15,Nunu & Willump,Howling Abyss,6,9,20,56,13.7k,3/31/2020
12,Caitlyn,Howling Abyss,4,2,13,38,10.1k,3/31/2020
18,Kayn,Howling Abyss,10,15,10,20,7.2k,3/31/2020
15,Pyke,Howling Abyss,10,6,15,63,14.1k,3/30/2020
18,Aurelion Sol,Howling Abyss,16,22,26,12,10.8k,3/29/2020
18,Ezreal,Howling Abyss,24,12,24,146,19.0k,3/29/2020
18,Miss Fortune,Howling Abyss,22,18,33,83,20.5k,3/29/2020
17,Ziggs,Howling Abyss,6,9,28,145,20.7k,3/29/2020
18,Xin Zhao,Howling Abyss,12,18,31,39,11.2k,3/29/2020
18,Nunu & Willump,Howling Abyss,8,15,36,50,15.2k,3/29/2020
18,Quinn,Howling Abyss,8,15,31,40,12.0k,3/29/2020
12,Ezreal,Howling Abyss,7,9,8,36,14.1k,3/29/2020
14,Teemo,Howling Abyss,8,7,19,29,8.6k,3/29/2020
18,Malphite,Howling Abyss,10,12,24,40,9.8k,3/29/2020
18,Caitlyn,Howling Abyss,5,12,21,69,13.0k,3/29/2020
12,Elise,Howling Abyss,4,10,5,89,12.4k,3/28/2020
14,Kayn,Howling Abyss,5,13,9,14,7.2k,3/28/2020
18,Rek'Sai,Howling Abyss,14,15,17,23,9.6k,3/28/2020
17,Illaoi,Howling Abyss,12,9,20,35,14.2k,3/27/2020
17,Neeko,Howling Abyss,8,12,16,55,12.2k,3/27/2020
11,Kayle,Howling Abyss,2,6,7,43,10.2k,3/27/2020
17,Sett,Howling Abyss,11,8,26,21,5.9k,3/27/2020
8,Veigar,Howling Abyss,3,5,5,43,12.1k,3/27/2020
18,Teemo,Howling Abyss,11,14,8,22,5.2k,3/27/2020
14,Neeko,Howling Abyss,8,7,16,39,13.1k,3/27/2020
18,Morgana,Howling Abyss,8,3,43,25,9.3k,3/27/2020
18,Evelynn,Howling Abyss,9,19,24,67,15.1k,3/27/2020
17,Ashe,Howling Abyss,11,14,23,31,13.5k,3/27/2020
17,Morgana,Howling Abyss,12,9,21,52,13.9k,3/26/2020
16,Illaoi,Howling Abyss,9,10,13,48,12.1k,3/26/2020
13,Cho'Gath,Howling Abyss,4,10,7,48,11.1k,3/26/2020
18,Veigar,Howling Abyss,15,13,29,18,7.5k,3/26/2020
18,Nidalee,Howling Abyss,12,7,40,96,16.5k,3/26/2020
16,Ahri,Howling Abyss,9,15,17,20,14.8k,3/26/2020
18,Sion,Howling Abyss,10,22,18,25,11.2k,3/25/2020
16,Ziggs,Howling Abyss,8,12,14,59,15.4k,3/25/2020
18,Nidalee,Howling Abyss,9,12,32,42,10.7k,3/25/2020
16,Caitlyn,Howling Abyss,9,7,11,20,12.7k,3/25/2020
14,Blitzcrank,Howling Abyss,1,14,11,50,11.4k,3/25/2020
12,Poppy,Howling Abyss,2,15,2,6,7.8k,3/23/2020
18,Veigar,Howling Abyss,15,10,13,12,7.7k,3/23/2020
18,Ezreal,Howling Abyss,6,14,15,73,14.5k,3/23/2020
15,Kayle,Howling Abyss,8,7,17,28,14.3k,3/22/2020
16,Aurelion Sol,Howling Abyss,3,13,21,34,10.0k,3/22/2020
18,Karthus,Howling Abyss,17,20,23,69,11.7k,3/22/2020
18,Nidalee,Howling Abyss,22,11,23,128,18.5k,3/22/2020
12,Veigar,Howling Abyss,6,8,7,31,15.7k,3/22/2020
17,Morgana,Howling Abyss,9,0,31,35,8.5k,3/22/2020
14,Caitlyn,Howling Abyss,9,3,17,40,12.4k,3/22/2020
18,Sett,Howling Abyss,9,13,27,56,10.4k,3/22/2020
13,Aphelios,Howling Abyss,7,4,15,53,15.1k,3/22/2020
18,Gnar,Howling Abyss,6,16,16,41,8.6k,3/22/2020
17,Kayle,Howling Abyss,9,12,14,59,13.8k,3/22/2020
17,Kalista,Howling Abyss,4,12,28,76,13.1k,3/22/2020
18,Blitzcrank,Howling Abyss,4,14,20,44,11.2k,3/22/2020
17,Illaoi,Howling Abyss,15,13,13,21,11.4k,3/22/2020
18,Morgana,Howling Abyss,10,8,19,72,14.8k,3/21/2020
18,Neeko,Howling Abyss,14,12,19,67,13.7k,3/21/2020
18,Zilean,Howling Abyss,9,11,20,50,13.3k,3/21/2020
18,Aphelios,Howling Abyss,21,13,20,58,12.3k,3/21/2020
15,Sett,Howling Abyss,8,11,18,113,17.1k,3/21/2020
16,Yuumi,Howling Abyss,5,6,25,27,10.7k,3/21/2020
18,Janna,Howling Abyss,6,16,32,5,10.2k,3/21/2020
17,Lux,Howling Abyss,8,8,22,38,14.7k,3/20/2020
15,Morgana,Howling Abyss,5,2,30,25,11.5k,3/20/2020
18,Sivir,Howling Abyss,20,11,24,18,9.9k,3/20/2020
17,Kayn,Howling Abyss,8,16,10,125,18.5k,3/20/2020
18,Ezreal,Howling Abyss,13,12,30,32,10.8k,3/20/2020
15,Nasus,Howling Abyss,4,12,15,75,16.5k,3/20/2020
18,Kindred,Howling Abyss,21,14,24,26,9.6k,3/20/2020
14,Jarvan IV,Howling Abyss,3,12,16,104,18.6k,3/19/2020
14,Kog'Maw,Howling Abyss,13,13,4,31,9.5k,3/19/2020
16,Kayn,Howling Abyss,7,13,22,50,11.9k,3/19/2020
14,Morgana,Howling Abyss,4,4,23,24,10.9k,3/19/2020
18,Ezreal,Howling Abyss,23,9,22,21,8.3k,3/18/2020
11,Morgana,Howling Abyss,3,3,11,47,15.3k,3/18/2020
18,Illaoi,Howling Abyss,6,16,12,26,7.0k,3/18/2020
14,Blitzcrank,Howling Abyss,2,9,12,34,12.5k,3/18/2020
14,Nidalee,Howling Abyss,8,6,9,6,7.4k,3/18/2020
18,Ziggs,Howling Abyss,10,14,17,16,9.2k,3/18/2020
17,Caitlyn,Howling Abyss,17,9,23,55,13.6k,3/18/2020
13,Qiyana,Howling Abyss,9,10,11,37,13.1k,3/18/2020
15,Sion,Howling Abyss,3,12,14,11,9.4k,3/18/2020
18,Sett,Howling Abyss,13,14,40,21,9.3k,3/17/2020
18,Ezreal,Howling Abyss,11,16,20,72,18.0k,3/17/2020
18,Gnar,Howling Abyss,16,13,15,84,18.0k,3/17/2020
15,Kayn,Howling Abyss,5,12,7,67,14.8k,3/17/2020
16,Ashe,Howling Abyss,6,12,12,14,9.6k,3/17/2020
16,Xin Zhao,Howling Abyss,10,12,16,71,11.3k,3/16/2020
18,Lux,Howling Abyss,6,9,14,31,11.4k,3/16/2020
18,Zilean,Howling Abyss,15,11,30,39,11.3k,3/16/2020
17,Tahm Kench,Howling Abyss,5,7,23,80,17.1k,3/16/2020
18,Sett,Howling Abyss,10,15,22,24,10.6k,3/16/2020
14,Neeko,Howling Abyss,6,10,13,40,14.9k,3/16/2020
8,Kindred,Howling Abyss,2,1,3,31,8.2k,3/16/2020
18,Neeko,Howling Abyss,9,12,30,6,4.9k,3/15/2020
16,Miss Fortune,Howling Abyss,10,9,21,45,13.2k,3/15/2020
13,Caitlyn,Howling Abyss,11,7,15,62,13.1k,3/15/2020
18,Kalista,Howling Abyss,25,15,17,38,9.6k,3/15/2020
18,Lux,Howling Abyss,17,9,28,73,18.1k,3/15/2020
16,Ahri,Howling Abyss,11,9,20,60,14.2k,3/15/2020
15,Aurelion Sol,Howling Abyss,8,10,14,37,10.8k,3/15/2020
17,Kayn,Howling Abyss,5,10,23,61,10.6k,3/15/2020
18,Zilean,Howling Abyss,5,9,30,39,11.7k,3/15/2020
15,Corki,Howling Abyss,6,13,21,51,11.6k,3/15/2020
18,Tahm Kench,Howling Abyss,18,10,16,43,9.8k,3/15/2020
17,Miss Fortune,Howling Abyss,13,10,14,46,15.2k,3/15/2020
18,Gnar,Howling Abyss,3,12,19,66,12.1k,3/15/2020
18,Morgana,Howling Abyss,10,10,26,54,11.6k,3/15/2020
13,Kalista,Howling Abyss,11,8,15,44,13.7k,3/15/2020
18,Kayn,Howling Abyss,15,15,22,26,9.2k,3/15/2020
18,Aphelios,Howling Abyss,16,15,20,75,17.0k,3/15/2020
18,Graves,Howling Abyss,5,15,20,237,23.4k,3/14/2020
18,Zilean,Howling Abyss,6,14,20,105,14.9k,3/14/2020
18,Jayce,Howling Abyss,22,14,11,67,15.8k,3/14/2020
15,Qiyana,Howling Abyss,2,8,15,87,19.2k,3/14/2020
17,Tahm Kench,Howling Abyss,4,10,15,24,9.6k,3/14/2020
15,Ashe,Howling Abyss,13,7,19,34,11.3k,3/14/2020
14,Blitzcrank,Howling Abyss,5,11,9,34,10.6k,3/14/2020
17,Zilean,Howling Abyss,8,4,27,11,8.6k,3/14/2020
14,Morgana,Howling Abyss,3,7,14,50,11.4k,3/14/2020
14,Tristana,Howling Abyss,7,14,12,27,7.8k,3/13/2020
18,Morgana,Howling Abyss,6,9,27,26,9.3k,3/13/2020
18,Zilean,Howling Abyss,13,9,41,29,12.5k,3/13/2020
17,Brand,Howling Abyss,11,14,19,73,15.3k,3/13/2020
18,Qiyana,Howling Abyss,10,10,22,38,12.3k,3/13/2020
14,Miss Fortune,Howling Abyss,7,7,22,40,12.2k,3/13/2020
18,Lux,Howling Abyss,14,4,31,42,10.6k,3/2/2020
18,Neeko,Howling Abyss,16,13,9,30,13.5k,3/2/2020
15,Qiyana,Howling Abyss,8,15,7,45,14.8k,3/1/2020
14,Aphelios,Howling Abyss,9,8,11,29,9.6k,3/1/2020
15,Sett,Howling Abyss,5,8,18,53,9.9k,3/1/2020
15,Poppy,Howling Abyss,8,10,21,24,9.6k,3/1/2020
18,Ezreal,Howling Abyss,18,10,24,44,11.4k,3/1/2020
15,Veigar,Howling Abyss,10,6,8,93,18.7k,3/1/2020
16,Ashe,Howling Abyss,9,9,13,43,9.7k,3/1/2020
18,Miss Fortune,Howling Abyss,14,13,28,38,11.6k,3/1/2020
18,Qiyana,Howling Abyss,9,13,18,69,15.8k,3/1/2020
18,Illaoi,Howling Abyss,10,13,20,40,12.8k,3/1/2020
12,Teemo,Howling Abyss,5,10,11,56,13.8k,3/1/2020
18,Annie,Howling Abyss,8,8,31,24,7.1k,2/23/2020
15,Ziggs,Howling Abyss,9,2,24,16,11.0k,2/23/2020
11,Neeko,Howling Abyss,3,6,6,44,10.4k,2/23/2020
18,Evelynn,Howling Abyss,4,13,15,23,7.1k,2/23/2020
15,Aurelion Sol,Howling Abyss,4,7,16,20,12.6k,2/23/2020
12,Kayle,Howling Abyss,1,12,4,12,9.4k,2/23/2020
11,Taliyah,Howling Abyss,2,14,6,9,6.0k,2/23/2020
17,Swain,Howling Abyss,10,10,22,6,7.0k,2/23/2020
17,Qiyana,Howling Abyss,12,14,14,29,11.3k,2/22/2020
18,Nidalee,Howling Abyss,17,13,20,22,12.0k,2/22/2020
10,Ezreal,Howling Abyss,6,0,14,26,15.4k,2/22/2020
16,Nunu & Willump,Howling Abyss,5,10,30,17,6.1k,2/22/2020
18,Ornn,Howling Abyss,12,14,12,24,10.4k,2/22/2020
13,Xayah,Howling Abyss,6,6,17,60,14.0k,2/22/2020
18,Caitlyn,Howling Abyss,14,12,15,38,8.5k,2/22/2020
16,Zoe,Howling Abyss,6,13,8,93,16.5k,2/22/2020
17,Vel'Koz,Howling Abyss,7,10,25,26,11.8k,2/22/2020
16,Sett,Howling Abyss,9,12,11,43,11.7k,2/22/2020
18,Miss Fortune,Howling Abyss,11,14,29,14,10.3k,2/22/2020
17,Morgana,Howling Abyss,10,6,29,66,14.2k,2/22/2020
16,Qiyana,Howling Abyss,12,8,14,32,11.5k,2/22/2020
12,Rek'Sai,Howling Abyss,3,10,7,36,11.7k,2/22/2020
18,Nidalee,Howling Abyss,12,6,25,17,7.2k,2/22/2020
17,Veigar,Howling Abyss,10,11,15,27,12.9k,2/22/2020
16,Morgana,Howling Abyss,3,12,16,55,12.4k,2/21/2020
17,Kayn,Howling Abyss,13,12,21,32,9.5k,2/21/2020
14,Kayle,Howling Abyss,4,13,11,29,12.9k,2/21/2020
18,Gnar,Howling Abyss,13,13,18,44,9.5k,2/21/2020
18,Zilean,Howling Abyss,10,13,22,69,15.1k,2/19/2020
18,Zilean,Howling Abyss,7,8,22,44,14.3k,2/19/2020
12,Ahri,Howling Abyss,2,7,2,42,12.5k,2/19/2020
15,Vayne,Howling Abyss,13,11,7,29,6.6k,2/19/2020
18,Illaoi,Howling Abyss,11,12,30,24,11.1k,2/19/2020
11,Rammus,Howling Abyss,2,12,9,59,15.8k,2/19/2020
10,Miss Fortune,Howling Abyss,3,5,5,23,7.5k,2/16/2020
18,Blitzcrank,Howling Abyss,6,10,18,19,7.0k,2/16/2020
17,Sett,Howling Abyss,12,8,21,49,11.6k,2/16/2020
18,Ziggs,Howling Abyss,14,6,12,38,12.1k,2/16/2020
13,Blitzcrank,Howling Abyss,3,8,9,47,13.3k,2/16/2020
18,Rumble,Howling Abyss,9,13,24,14,7.2k,2/16/2020
18,Gnar,Howling Abyss,7,10,19,50,12.8k,2/16/2020
14,Ahri,Howling Abyss,6,14,12,28,12.8k,2/12/2020
18,Morgana,Howling Abyss,12,4,40,14,9.5k,2/12/2020
16,Annie,Howling Abyss,11,10,7,49,13.6k,2/12/2020
18,Qiyana,Howling Abyss,12,12,24,35,11.4k,2/12/2020
17,Aphelios,Howling Abyss,16,9,14,46,15.1k,2/11/2020
18,Sett,Howling Abyss,9,14,25,83,14.2k,2/10/2020
13,Jayce,Howling Abyss,8,9,13,37,14.0k,2/10/2020
18,Aphelios,Howling Abyss,16,16,30,45,9.3k,2/10/2020
14,Ezreal,Howling Abyss,6,8,8,31,13.9k,2/10/2020
16,Ornn,Howling Abyss,7,11,17,24,9.0k,2/7/2020
15,Vel'Koz,Howling Abyss,12,5,20,34,10.0k,2/7/2020
17,Sona,Howling Abyss,7,13,33,24,10.0k,2/7/2020
17,Caitlyn,Howling Abyss,20,6,8,11,11.2k,2/7/2020
17,Kog'Maw,Howling Abyss,11,11,17,65,14.5k,2/7/2020
16,Teemo,Howling Abyss,6,11,16,68,13.2k,2/7/2020
18,Aphelios,Howling Abyss,22,14,29,36,11.0k,2/7/2020
14,Lux,Howling Abyss,7,4,27,82,16.4k,2/7/2020
17,Karthus,Howling Abyss,11,16,11,27,9.0k,2/6/2020
18,Talon,Howling Abyss,21,15,11,68,13.1k,2/6/2020
18,Sivir,Howling Abyss,6,12,23,44,17.4k,2/6/2020
18,Nidalee,Howling Abyss,12,8,15,113,14.4k,2/6/2020
11,Vel'Koz,Howling Abyss,6,8,9,49,13.5k,2/6/2020
18,Lux,Howling Abyss,15,10,34,35,7.4k,2/6/2020
15,Vel'Koz,Howling Abyss,8,5,22,56,17.2k,2/5/2020
15,Miss Fortune,Howling Abyss,12,11,10,36,10.0k,2/5/2020
13,Miss Fortune,Howling Abyss,6,5,15,65,11.3k,2/5/2020
18,Nidalee,Howling Abyss,12,11,23,18,8.4k,2/5/2020
12,Miss Fortune,Howling Abyss,7,12,8,23,13.2k,2/4/2020
18,Kayle,Howling Abyss,17,11,23,30,8.4k,2/4/2020
17,Vel'Koz,Howling Abyss,8,9,23,68,15.0k,2/4/2020
18,Gnar,Howling Abyss,12,11,19,64,11.8k,2/4/2020
9,Miss Fortune,Howling Abyss,1,4,8,59,14.8k,2/4/2020
14,Tahm Kench,Howling Abyss,7,10,12,28,5.3k,2/4/2020
14,Sett,Howling Abyss,8,11,11,21,10.2k,2/4/2020
16,Qiyana,Howling Abyss,15,12,14,39,9.7k,2/4/2020
17,Nidalee,Howling Abyss,13,7,33,42,11.0k,2/4/2020
12,Kindred,Howling Abyss,9,11,6,40,12.2k,2/4/2020
18,Tahm Kench,Howling Abyss,11,12,19,32,9.0k,2/3/2020
14,Miss Fortune,Howling Abyss,6,10,13,45,15.3k,2/3/2020
18,Illaoi,Howling Abyss,13,15,21,44,10.0k,2/3/2020
16,Aurelion Sol,Howling Abyss,12,12,14,79,17.1k,2/3/2020
18,Wukong,Howling Abyss,13,14,16,46,11.9k,2/3/2020
14,Rek'Sai,Howling Abyss,7,10,13,39,12.8k,2/3/2020
17,Miss Fortune,Howling Abyss,14,8,19,24,9.1k,2/2/2020
14,Kayn,Howling Abyss,11,10,13,70,13.2k,2/2/2020
18,Sona,Howling Abyss,10,16,40,26,10.9k,2/2/2020
18,Kog'Maw,Howling Abyss,14,13,21,19,15.8k,2/2/2020
15,Teemo,Howling Abyss,4,10,18,60,14.4k,2/2/2020
15,Ziggs,Howling Abyss,10,12,15,28,9.7k,2/2/2020
16,Zilean,Howling Abyss,5,9,18,23,11.8k,2/2/2020
15,Karthus,Howling Abyss,6,9,26,37,9.6k,2/2/2020
15,Vel'Koz,Howling Abyss,8,4,23,26,9.8k,2/2/2020
15,Annie,Howling Abyss,6,11,13,35,9.6k,2/2/2020
16,Neeko,Howling Abyss,9,11,16,21,10.1k,2/2/2020
18,Karma,Howling Abyss,5,11,26,59,11.9k,2/2/2020
15,Morgana,Howling Abyss,5,3,18,28,12.5k,2/2/2020
18,Volibear,Howling Abyss,17,8,21,20,9.5k,2/1/2020
10,Master Yi,Howling Abyss,6,11,4,56,15.9k,1/26/2020
15,Illaoi,Howling Abyss,7,10,10,12,7.0k,1/26/2020
15,Taliyah,Howling Abyss,2,15,12,46,10.3k,1/25/2020
18,Ziggs,Howling Abyss,2,10,26,23,8.8k,1/23/2020
15,Zyra,Howling Abyss,7,11,29,35,12.2k,1/23/2020
16,Xayah,Howling Abyss,8,12,12,31,10.5k,12/14/2019
13,Ornn,Howling Abyss,1,12,14,55,12.2k,12/14/2019
16,Kennen,Howling Abyss,4,20,15,32,8.0k,11/29/2019
13,Karma,Howling Abyss,3,7,22,24,10.3k,11/29/2019
18,Lux,Howling Abyss,4,6,21,18,7.8k,11/29/2019
16,Sivir,Howling Abyss,11,12,13,61,12.4k,11/29/2019
18,Kog'Maw,Howling Abyss,18,11,14,89,13.2k,11/29/2019
18,Neeko,Howling Abyss,16,15,19,70,15.5k,11/29/2019
16,Gnar,Howling Abyss,10,6,21,69,16.7k,11/13/2019
13,Ezreal,Howling Abyss,12,2,13,31,10.3k,11/13/2019
18,Tahm Kench,Howling Abyss,12,8,20,35,9.6k,11/13/2019
16,Tristana,Howling Abyss,14,15,15,52,13.8k,11/13/2019
14,Ezreal,Howling Abyss,4,10,8,31,12.0k,11/13/2019
15,Ekko,Howling Abyss,6,13,17,36,9.0k,11/13/2019
18,Lux,Howling Abyss,12,7,21,30,10.1k,11/2/2019
18,Sona,Howling Abyss,3,15,30,51,14.9k,11/2/2019
18,Nidalee,Howling Abyss,17,8,20,21,13.8k,11/2/2019
18,Zilean,Howling Abyss,4,7,34,66,16.4k,10/30/2019
16,Jayce,Howling Abyss,3,14,23,41,12.5k,10/30/2019
15,Caitlyn,Howling Abyss,7,6,15,48,11.0k,10/30/2019
13,Nidalee,Summoner's Rift,2,13,4,33,9.6k,10/30/2019
18,Morgana,Howling Abyss,15,15,29,22,9.1k,10/30/2019
18,Teemo,Howling Abyss,7,19,12,78,18.0k,10/29/2019
16,Zilean,Howling Abyss,7,9,20,73,15.0k,10/29/2019
16,Kindred,Howling Abyss,14,10,12,22,10.1k,10/29/2019
17,Miss Fortune,Summoner's Rift,4,17,7,65,13.2k,10/29/2019
17,Illaoi,Summoner's Rift,3,8,9,87,14.1k,10/29/2019
14,Veigar,Summoner's Rift,9,13,9,69,12.3k,10/28/2019
18,Blitzcrank,Summoner's Rift,1,15,9,79,13.2k,10/28/2019
14,Morgana,Summoner's Rift,0,20,5,35,10.6k,10/28/2019
18,Ornn,Howling Abyss,7,11,17,41,8.4k,10/28/2019
18,Sona,Howling Abyss,6,14,44,29,11.7k,10/27/2019
12,Gnar,Howling Abyss,4,8,12,33,13.5k,10/27/2019
15,Braum,Howling Abyss,4,13,19,41,8.1k,10/27/2019
17,Veigar,Howling Abyss,12,7,23,32,9.7k,10/27/2019
18,Teemo,Howling Abyss,22,16,22,47,11.9k,10/26/2019
17,Miss Fortune,Howling Abyss,8,13,13,95,20.2k,10/25/2019
14,Blitzcrank,Howling Abyss,6,3,24,76,11.2k,10/25/2019
18,Caitlyn,Howling Abyss,20,17,27,20,8.7k,10/25/2019
14,Neeko,Howling Abyss,8,5,20,75,18.8k,10/24/2019
17,Blitzcrank,Howling Abyss,6,6,30,23,9.0k,10/24/2019
18,Teemo,Howling Abyss,12,12,29,17,10.9k,10/24/2019
15,Caitlyn,Howling Abyss,6,8,16,40,13.7k,10/24/2019
18,Kindred,Howling Abyss,5,14,21,60,11.3k,10/24/2019
18,Ezreal,Howling Abyss,13,11,12,68,12.9k,10/23/2019
16,Ahri,Howling Abyss,10,10,15,37,14.4k,10/23/2019
18,Elise,Howling Abyss,5,12,22,46,11.9k,10/23/2019
18,Blitzcrank,Howling Abyss,6,12,27,29,11.3k,10/23/2019
17,Zilean,Howling Abyss,5,6,28,26,13.0k,10/22/2019
13,Xayah,Howling Abyss,5,8,10,53,11.3k,10/22/2019
14,Sivir,Howling Abyss,9,9,28,33,8.5k,10/21/2019
16,Morgana,Howling Abyss,8,9,20,37,10.0k,10/21/2019
17,Teemo,Howling Abyss,14,13,19,41,11.5k,10/21/2019
16,Veigar,Howling Abyss,16,5,16,43,12.6k,10/20/2019
18,Veigar,Howling Abyss,11,13,10,64,12.5k,10/20/2019
18,Caitlyn,Howling Abyss,19,15,32,76,15.8k,10/20/2019
14,Fiddlesticks,Howling Abyss,4,11,16,94,19.9k,10/20/2019
18,Veigar,Howling Abyss,12,11,25,40,9.0k,10/20/2019
18,Sylas,Howling Abyss,14,15,19,120,16.4k,10/20/2019
18,Kayle,Howling Abyss,9,14,27,19,13.8k,10/20/2019
17,Taliyah,Howling Abyss,12,16,27,54,13.4k,10/19/2019
18,Morgana,Howling Abyss,12,11,22,42,12.6k,10/19/2019
9,Braum,Howling Abyss,2,6,7,33,13.1k,10/19/2019
14,Kindred,Howling Abyss,6,12,15,10,5.2k,10/19/2019
18,Morgana,Howling Abyss,7,9,34,54,10.2k,10/19/2019
16,Sona,Howling Abyss,4,9,13,41,12.6k,10/19/2019
15,Ahri,Howling Abyss,9,9,25,15,9.7k,10/19/2019
18,Miss Fortune,Howling Abyss,16,12,19,26,10.4k,10/19/2019
18,Zyra,Howling Abyss,1,12,19,91,16.6k,10/18/2019
18,Varus,Howling Abyss,16,13,28,47,10.9k,10/18/2019
15,Yuumi,Howling Abyss,3,7,22,75,16.2k,10/18/2019
13,Illaoi,Howling Abyss,9,5,15,11,9.2k,10/18/2019
18,Kayn,Howling Abyss,14,17,18,39,9.5k,10/18/2019
15,Nunu & Willump,Howling Abyss,6,14,25,75,16.1k,10/17/2019
14,Lux,Howling Abyss,2,7,16,20,10.5k,10/17/2019
17,Ezreal,Howling Abyss,14,10,5,22,8.2k,10/17/2019
18,Gangplank,Howling Abyss,8,12,19,40,13.5k,10/6/2019
18,Kalista,Howling Abyss,13,14,24,32,12.8k,10/6/2019
17,Master Yi,Howling Abyss,14,14,19,67,15.5k,10/6/2019
18,Anivia,Howling Abyss,3,11,17,39,12.5k,10/6/2019
12,Karthus,Howling Abyss,8,7,21,49,11.4k,10/6/2019
17,Morgana,Howling Abyss,6,9,28,34,8.2k,10/6/2019
13,Illaoi,Howling Abyss,3,13,11,33,11.9k,10/6/2019
18,Xin Zhao,Howling Abyss,14,18,19,35,8.8k,10/6/2019
18,Neeko,Howling Abyss,14,9,31,28,14.4k,10/5/2019
18,Qiyana,Howling Abyss,16,18,20,34,13.9k,9/12/2019
13,Morgana,Howling Abyss,4,4,26,53,15.8k,9/12/2019
18,Vel'Koz,Howling Abyss,23,19,32,16,7.6k,9/12/2019
18,Ornn,Howling Abyss,10,11,26,53,18.7k,9/12/2019
16,Ornn,Howling Abyss,8,12,15,65,14.6k,9/12/2019
17,Tristana,Howling Abyss,15,9,22,32,11.0k,9/11/2019
18,Nidalee,Howling Abyss,21,6,19,65,13.3k,9/11/2019
18,Jayce,Howling Abyss,11,11,28,22,13.9k,9/11/2019
18,Ezreal,Howling Abyss,18,11,20,54,15.5k,9/11/2019
18,Ezreal,Howling Abyss,15,6,31,63,18.6k,9/11/2019
16,Miss Fortune,Howling Abyss,13,11,25,34,13.4k,9/10/2019
16,Garen,Howling Abyss,7,11,12,32,11.6k,9/10/2019
17,Gnar,Howling Abyss,14,14,17,27,11.0k,9/10/2019
18,Lux,Howling Abyss,14,9,18,51,13.5k,9/9/2019
17,Ezreal,Howling Abyss,16,8,16,73,15.3k,9/9/2019
14,Morgana,Howling Abyss,6,6,21,55,13.8k,9/8/2019
17,Nidalee,Howling Abyss,13,7,7,21,9.1k,9/8/2019
18,Lux,Howling Abyss,22,19,49,29,12.3k,9/8/2019
16,Veigar,Howling Abyss,9,10,11,118,24.0k,9/8/2019
18,Zilean,Howling Abyss,10,11,35,47,11.4k,9/8/2019
18,Sona,Howling Abyss,5,12,36,41,14.0k,9/8/2019
15,Xin Zhao,Howling Abyss,13,10,6,12,11.9k,9/8/2019
18,Veigar,Howling Abyss,33,10,36,41,11.5k,9/8/2019
16,Xin Zhao,Howling Abyss,14,13,16,181,26.3k,9/8/2019
16,Neeko,Howling Abyss,9,7,19,28,12.4k,9/7/2019
18,Xerath,Howling Abyss,4,7,34,36,11.0k,9/7/2019
18,Annie,Howling Abyss,4,14,29,47,13.0k,9/7/2019
18,Taliyah,Howling Abyss,6,22,33,31,11.4k,9/7/2019
16,Lux,Howling Abyss,6,1,20,55,17.1k,9/7/2019
16,Aurelion Sol,Howling Abyss,7,12,19,47,10.1k,8/31/2019
18,Zilean,Howling Abyss,9,12,23,58,10.9k,8/31/2019
15,Blitzcrank,Howling Abyss,8,9,11,78,14.4k,8/31/2019
18,Zilean,Howling Abyss,8,8,24,14,10.0k,8/31/2019
13,Yuumi,Howling Abyss,4,6,3,42,13.3k,8/31/2019
18,Sona,Howling Abyss,5,10,41,13,8.6k,8/31/2019
14,Gnar,Howling Abyss,10,8,14,17,11.7k,8/31/2019
14,Sivir,Howling Abyss,9,11,10,32,9.5k,8/31/2019
18,Neeko,Howling Abyss,6,14,21,40,9.2k,8/30/2019
16,Taliyah,Howling Abyss,8,12,19,39,13.5k,8/30/2019
17,Gnar,Howling Abyss,8,11,24,25,10.5k,8/30/2019
16,Kalista,Howling Abyss,12,9,17,34,12.4k,8/30/2019
13,Tahm Kench,Howling Abyss,9,7,6,32,12.1k,8/30/2019
14,Lux,Howling Abyss,5,3,18,12,10.1k,8/30/2019
18,Evelynn,Howling Abyss,13,14,29,26,8.8k,8/30/2019
18,Brand,Howling Abyss,9,9,31,36,14.4k,8/30/2019
15,Ashe,Howling Abyss,12,6,23,33,12.9k,8/30/2019
18,Lux,Howling Abyss,5,5,25,59,10.9k,8/29/2019
18,Caitlyn,Howling Abyss,16,9,31,42,12.0k,8/29/2019
18,Kai'Sa,Howling Abyss,12,13,19,98,17.4k,8/29/2019
18,Karma,Howling Abyss,10,6,23,50,13.5k,8/29/2019
15,Nidalee,Howling Abyss,8,7,14,20,12.2k,8/29/2019
15,Gnar,Howling Abyss,7,8,14,26,10.6k,8/29/2019
18,Tristana,Howling Abyss,17,7,14,37,10.5k,8/29/2019
15,Akali,Howling Abyss,9,14,11,77,14.9k,8/29/2019
15,Fizz,Howling Abyss,7,12,11,35,10.4k,7/14/2019
15,Teemo,Howling Abyss,5,9,7,15,9.9k,7/14/2019
18,Blitzcrank,Howling Abyss,4,12,32,32,10.2k,7/14/2019
17,Illaoi,Howling Abyss,9,13,9,34,14.9k,7/14/2019
18,Kennen,Howling Abyss,7,22,18,66,11.4k,7/14/2019
18,Rakan,Howling Abyss,8,15,25,49,13.1k,7/14/2019
17,Gnar,Howling Abyss,5,11,12,22,13.9k,7/14/2019
14,Ashe,Howling Abyss,5,8,21,31,11.2k,7/13/2019
18,Ornn,Howling Abyss,8,13,24,32,9.6k,7/13/2019
18,Swain,Howling Abyss,13,13,28,71,15.6k,7/13/2019
10,Fiddlesticks,Howling Abyss,1,7,5,31,13.3k,7/13/2019
10,Blitzcrank,Summoner's Rift,0,9,7,21,5.8k,7/13/2019
18,Syndra,Howling Abyss,9,13,1,23,3.5k,7/13/2019
18,Tahm Kench,Howling Abyss,13,9,28,48,13.0k,7/13/2019
15,Yuumi,Howling Abyss,0,9,34,33,16.7k,7/13/2019
18,Fiddlesticks,Howling Abyss,5,6,18,9,8.7k,7/13/2019
14,Skarner,Howling Abyss,5,11,38,39,12.2k,7/13/2019
18,Tahm Kench,Howling Abyss,11,10,11,40,8.0k,7/13/2019
18,Ahri,Howling Abyss,3,12,22,53,15.3k,7/13/2019
18,Ornn,Howling Abyss,10,8,25,36,11.3k,7/13/2019
14,Amumu,Howling Abyss,4,10,28,62,14.9k,7/13/2019
13,Nidalee,Howling Abyss,6,7,13,42,8.4k,7/13/2019
14,Veigar,Howling Abyss,10,5,10,22,9.0k,7/13/2019
18,Illaoi,Howling Abyss,18,9,18,25,8.9k,7/12/2019
18,Vayne,Howling Abyss,14,23,20,86,15.2k,7/12/2019
16,Gnar,Howling Abyss,6,5,15,37,15.7k,7/12/2019
18,Zilean,Howling Abyss,5,8,22,20,10.0k,7/12/2019
18,Xayah,Howling Abyss,7,14,29,63,14.0k,7/12/2019
18,Twitch,Howling Abyss,8,15,28,55,14.0k,7/10/2019
15,Vel'Koz,Howling Abyss,7,4,16,68,12.6k,7/10/2019
16,Lux,Howling Abyss,4,7,16,28,10.2k,7/10/2019
17,Ziggs,Howling Abyss,2,7,17,45,9.6k,7/10/2019
18,Irelia,Howling Abyss,15,16,14,64,10.2k,7/10/2019
15,Pantheon,Howling Abyss,12,14,32,88,19.4k,7/10/2019
16,Lux,Howling Abyss,11,3,14,30,11.6k,7/10/2019
18,Jayce,Howling Abyss,14,13,27,21,11.6k,7/10/2019
18,Illaoi,Howling Abyss,30,11,21,59,15.5k,7/8/2019
16,Kog'Maw,Howling Abyss,9,12,11,133,18.3k,7/8/2019
12,Ekko,Howling Abyss,2,9,19,31,11.3k,7/8/2019
18,Heimerdinger,Howling Abyss,8,12,10,24,7.3k,7/8/2019
18,Gnar,Howling Abyss,13,13,16,74,13.7k,7/8/2019
15,Kennen,Howling Abyss,7,11,18,65,15.6k,7/7/2019
16,Kayn,Howling Abyss,13,15,18,25,10.6k,7/7/2019
8,Brand,Howling Abyss,0,2,10,24,12.7k,7/7/2019
15,Vi,Howling Abyss,7,13,2,8,4.4k,7/7/2019
18,Morgana,Howling Abyss,12,9,16,19,10.5k,7/7/2019
17,Alistar,Howling Abyss,0,8,28,40,12.2k,7/7/2019
18,Elise,Howling Abyss,18,13,24,26,9.7k,7/7/2019
16,Kayle,Howling Abyss,10,11,18,47,15.5k,7/7/2019
16,Kayn,Howling Abyss,12,12,25,30,12.0k,7/7/2019
18,Draven,Howling Abyss,11,16,18,38,13.1k,7/7/2019
10,Tahm Kench,Howling Abyss,3,7,25,58,17.4k,7/2/2019
17,Tristana,Howling Abyss,11,12,3,11,5.4k,7/1/2019
17,Draven,Howling Abyss,10,6,13,60,13.4k,7/1/2019
16,Teemo,Howling Abyss,6,13,7,89,14.4k,7/1/2019
16,Varus,Howling Abyss,11,10,13,40,9.8k,7/1/2019
18,Zilean,Howling Abyss,6,8,11,33,12.3k,7/1/2019
15,Kindred,Howling Abyss,5,11,28,40,12.7k,7/1/2019
15,Neeko,Howling Abyss,4,8,10,59,9.9k,7/1/2019
18,Caitlyn,Howling Abyss,16,8,8,33,10.4k,7/1/2019
16,Kalista,Howling Abyss,11,9,23,59,14.2k,6/30/2019
14,Blitzcrank,Howling Abyss,6,4,21,68,12.6k,6/30/2019
15,Vel'Koz,Howling Abyss,6,7,16,13,8.7k,6/30/2019
18,Lux,Howling Abyss,8,5,7,32,8.8k,6/30/2019
18,Teemo,Howling Abyss,6,11,26,46,12.7k,6/30/2019
18,Yuumi,Howling Abyss,5,4,23,30,12.5k,6/30/2019
18,Teemo,Howling Abyss,15,8,22,35,11.2k,6/24/2019
18,Teemo,Howling Abyss,9,8,18,57,14.8k,6/24/2019
16,Lux,Howling Abyss,4,2,24,42,12.6k,6/24/2019
13,Kindred,Howling Abyss,4,11,33,25,10.6k,6/24/2019
18,Pyke,Howling Abyss,11,21,6,33,8.4k,6/24/2019
17,Veigar,Howling Abyss,9,9,11,40,17.5k,6/23/2019
18,Nidalee,Howling Abyss,12,9,13,73,12.9k,6/23/2019
18,Zilean,Howling Abyss,3,12,23,40,14.3k,6/23/2019
14,Veigar,Howling Abyss,8,8,33,48,14.5k,6/23/2019
16,Ezreal,Howling Abyss,8,6,12,50,10.6k,6/23/2019
18,Bard,Howling Abyss,1,10,7,39,10.7k,6/23/2019
9,Yuumi,Howling Abyss,0,1,21,32,13.1k,6/10/2019
18,Ornn,Howling Abyss,3,15,3,2,4.5k,6/9/2019
18,Xayah,Howling Abyss,22,8,26,29,13.1k,6/9/2019
16,Aurelion Sol,Howling Abyss,7,11,16,89,17.3k,6/9/2019
18,Zilean,Howling Abyss,5,2,11,48,10.7k,6/9/2019
18,Caitlyn,Howling Abyss,33,15,32,41,11.4k,6/9/2019
14,Zilean,Howling Abyss,3,4,24,138,25.5k,6/8/2019
18,Lux,Howling Abyss,13,6,28,27,8.5k,6/8/2019
18,Heimerdinger,Howling Abyss,8,9,28,48,14.8k,6/8/2019
16,Illaoi,Howling Abyss,3,6,32,76,14.9k,6/8/2019
15,Vel'Koz,Howling Abyss,7,2,17,45,9.9k,6/8/2019
18,Sona,Howling Abyss,8,8,11,39,10.8k,6/8/2019
18,Ahri,Howling Abyss,5,8,40,30,13.8k,6/7/2019
18,Tahm Kench,Howling Abyss,8,9,15,46,12.9k,6/7/2019
17,Yuumi,Howling Abyss,4,1,23,49,15.1k,6/6/2019
16,Ezreal,Howling Abyss,12,7,31,14,11.1k,6/6/2019
15,Kindred,Howling Abyss,8,14,10,45,12.9k,6/5/2019
18,Irelia,Howling Abyss,12,17,7,41,10.2k,6/5/2019
17,Karma,Howling Abyss,7,13,11,35,13.9k,6/5/2019
18,Rek'Sai,Howling Abyss,15,20,17,24,10.6k,6/5/2019
13,Blitzcrank,Howling Abyss,4,9,27,33,19.9k,6/4/2019
17,Kayle,Howling Abyss,13,8,9,17,7.7k,6/4/2019
18,Blitzcrank,Howling Abyss,7,12,31,38,12.7k,6/4/2019
16,Miss Fortune,Howling Abyss,8,7,49,37,17.4k,6/3/2019
18,Ziggs,Howling Abyss,11,11,32,21,11.2k,6/3/2019
16,Veigar,Howling Abyss,8,4,27,95,19.5k,6/3/2019
18,Miss Fortune,Howling Abyss,10,11,20,60,10.8k,6/2/2019
14,Azir,Howling Abyss,0,17,29,101,17.3k,6/2/2019
17,Kled,Howling Abyss,8,16,13,15,7.8k,6/2/2019
14,Ziggs,Howling Abyss,10,3,19,36,12.0k,6/2/2019
18,Braum,Howling Abyss,5,11,25,24,9.2k,6/2/2019
16,Veigar,Howling Abyss,9,3,32,28,11.7k,6/2/2019
15,Sona,Howling Abyss,7,9,19,69,11.1k,6/2/2019
18,Blitzcrank,Howling Abyss,12,8,20,16,10.2k,5/31/2019
17,Nami,Howling Abyss,9,10,24,28,13.3k,5/31/2019
16,Kled,Howling Abyss,9,9,21,45,12.5k,5/30/2019
17,Gnar,Howling Abyss,6,12,15,28,10.7k,5/30/2019
18,Aurelion Sol,Howling Abyss,9,15,12,48,12.7k,5/30/2019
16,Pantheon,Howling Abyss,14,9,27,65,15.8k,5/30/2019
11,Sona,Howling Abyss,2,9,11,16,11.6k,5/29/2019
18,Zoe,Howling Abyss,12,9,9,8,6.9k,5/29/2019
18,Zilean,Howling Abyss,10,6,25,19,12.4k,5/29/2019
18,Kled,Howling Abyss,13,7,22,55,13.9k,5/29/2019
18,Nunu & Willump,Howling Abyss,9,8,29,32,12.9k,5/29/2019
18,Morgana,Howling Abyss,15,7,30,28,13.3k,5/29/2019
12,Kayn,Howling Abyss,11,10,25,69,15.1k,5/29/2019
16,Morgana,Howling Abyss,5,4,7,20,8.6k,5/29/2019
18,Brand,Howling Abyss,5,8,31,24,9.9k,5/29/2019
17,Blitzcrank,Summoner's Rift Normal (Draft Mode),4,8,19,22,14.2k,5/27/2019
18,Jayce,Howling Abyss,20,12,19,58,13.4k,5/27/2019
18,Taliyah,Howling Abyss,10,16,23,79,17.5k,5/27/2019
10,Blitzcrank,Summoner's Rift Normal (Draft Mode),0,5,23,47,14.4k,5/27/2019
11,Morgana,Summoner's Rift Normal (Draft Mode),3,10,1,38,4.1k,5/27/2019
17,Vel'Koz,Howling Abyss,13,7,0,68,6.5k,5/27/2019
18,Blitzcrank,Summoner's Rift Normal (Draft Mode),4,8,24,32,12.7k,5/27/2019
18,Lux,Howling Abyss,1,5,23,76,10.8k,5/27/2019
17,Zilean,Howling Abyss,9,6,32,41,12.9k,5/27/2019
16,Aurelion Sol,Howling Abyss,10,6,29,58,11.9k,5/27/2019
18,Taliyah,Howling Abyss,8,15,19,35,11.7k,5/27/2019
13,Teemo,Howling Abyss,15,24,24,43,17.7k,5/27/2019
18,Tristana,Howling Abyss,1,10,12,11,7.4k,5/27/2019
14,Sona,Howling Abyss,11,16,16,41,13.8k,5/27/2019
18,Lux,Howling Abyss,8,10,14,17,9.1k,5/27/2019
18,Ezreal,Howling Abyss,17,11,35,96,18.6k,5/26/2019
18,Miss Fortune,Howling Abyss,22,10,17,72,18.6k,5/26/2019
18,Zoe,Howling Abyss,7,12,23,62,14.1k,5/26/2019
18,Aurelion Sol,Howling Abyss,9,11,23,17,12.6k,5/26/2019
18,Zoe,Howling Abyss,14,16,16,88,15.8k,5/26/2019
15,Evelynn,Howling Abyss,11,18,37,53,16.9k,5/26/2019
13,Gnar,Howling Abyss,11,8,19,18,10.3k,5/26/2019
18,Blitzcrank,Howling Abyss,4,8,11,28,8.1k,5/26/2019
18,Zilean,Howling Abyss,7,6,27,25,12.8k,5/26/2019
18,Master Yi,Howling Abyss,10,9,34,72,14.8k,5/26/2019
18,Ziggs,Howling Abyss,19,18,15,54,17.2k,5/26/2019
14,Kayn,Howling Abyss,13,9,22,50,14.1k,5/26/2019
15,Veigar,Howling Abyss,9,14,9,37,11.7k,5/26/2019
17,Kayn,Howling Abyss,6,13,6,41,9.6k,5/26/2019
13,Cho'Gath,Howling Abyss,11,13,14,48,13.2k,5/24/2019
9,Morgana,Howling Abyss,5,9,10,31,9.1k,5/24/2019
17,Illaoi,Howling Abyss,1,2,3,13,6.3k,4/14/2019
18,Morgana,Howling Abyss,8,11,22,57,12.0k,4/14/2019
18,Xayah,Howling Abyss,10,9,22,45,12.4k,4/14/2019
17,Pyke,Howling Abyss,10,11,21,65,15.2k,4/14/2019
17,Rammus,Howling Abyss,13,14,12,36,12.7k,4/14/2019
14,Kayn,Howling Abyss,4,12,20,31,10.3k,4/14/2019
18,Lux,Howling Abyss,6,13,10,29,10.2k,4/14/2019
18,Veigar,Howling Abyss,4,3,32,37,11.7k,4/14/2019
18,Illaoi,Howling Abyss,18,5,28,74,14.2k,4/14/2019
15,Zilean,Howling Abyss,12,10,19,52,13.7k,2/14/2019
17,Veigar,Howling Abyss,3,8,10,21,8.8k,2/14/2019
18,Kayn,Howling Abyss,11,6,22,64,11.7k,2/14/2019
18,Lissandra,Howling Abyss,26,17,14,59,20.4k,2/14/2019
16,Gangplank,Howling Abyss,15,9,39,75,14.7k,2/14/2019
15,Katarina,Howling Abyss,5,9,13,24,10.5k,2/14/2019
